{"cameraMode":{"drawMode":0,"name":"Shaded","section":"Shading Mode"},"sceneLighting":true,"audioPlay":false,"sceneViewState":{"showFog":true,"showMaterialUpdate":false,"showSkybox":true,"showFlares":true,"showImageEffects":true,"showParticleSystems":true},"in2DMode":false,"pivot":{"x":2.9974863529205324,"y":0.48922061920166018,"z":-0.6826038360595703},"rotation":{"x":-0.29257720708847048,"y":-0.048171937465667728,"z":0.014759181998670102,"w":-0.9549139738082886},"size":41.87613296508789,"orthographic":false}